qx,qy,qz,qw
1.451937556266784668e-01,1.114110946655273438e-01,-1.451937556266784668e-01,9.723297953605651855e-01
