{
  "mlp_lbfgs": {
    "times": [
      6.422074317932129,
      20.182847261428833,
      5.9099578857421875,
      1.9891695976257324,
      30.00675320625305,
      1.9551589488983154,
      4.007953405380249,
      4.008742570877075,
      8.03800630569458,
      5.9437172412872314
    ],
    "mean": 8.846438074111939,
    "std": 8.609175373065979
  },
  "cvae_lbfgs": {
    "times": [
      2.696485757827759,
      18.6782009601593,
      6.693988800048828,
      2.661357879638672,
      2.663362979888916,
      6.649883031845093,
      8.693035364151001,
      12.684964895248413,
      2.6648073196411133,
      2.729438304901123
    ],
    "mean": 6.681552529335022,
    "std": 5.137604235373998
  }
}